1-1-1.pdf,2-1-1.pdf,3-10-1.pdf,4-10-1.pdf,5-10-2.pdf,5-5-21.pdf
1-1-2.pdf,2-1-3.pdf,3-1-3.pdf,4-10-3.pdf,5-1-10.pdf,5-5-23.pdf
1-1-4.pdf,2-1-5.pdf,3-1-4.pdf,4-1-11.pdf,5-11-2.pdf,5-5-3.pdf
1-1-5.pdf,2-1-8.pdf,3-1-8.pdf,4-1-2.pdf,5-1-12.pdf,5-5-5.pdf
1-2-1.pdf,2-2-2.pdf,3-2-1.pdf,4-1-6.pdf,5-1-14.pdf,5-5-8.pdf
1-2-4.pdf,2-2-6.pdf,3-2-4.pdf,4-1-8.pdf,5-11-5.pdf,5-5-9.pdf
1-3-1.pdf,2-2-9.pdf,3-3-11.pdf,4-3-1.pdf,5-11-7.pdf,5-6-10.pdf
1-3-2.pdf,2-3-2.pdf,3-3-2.pdf,4-3-10.pdf,5-1-2.pdf,5-6-12.pdf
1-3-4.pdf,2-3-4.pdf,3-3-9.pdf,4-3-3.pdf,5-12-2.pdf,5-6-13.pdf
1-3-5.pdf,2-4-2.pdf,3-4-2.pdf,4-3-5.pdf,5-12-3.pdf,5-6-3.pdf
1-3-7.pdf,2-4-5.pdf,3-4-4.pdf,4-3-8.pdf,5-1-4.pdf,5-6-4.pdf
1-4-1.pdf,2-5-1.pdf,3-4-6.pdf,4-4-10.pdf,5-1-6.pdf,5-6-7.pdf
1-4-3.pdf,2-5-3.pdf,3-5-1.pdf,4-4-11.pdf,5-1-9.pdf,5-6-8.pdf
,2-5-4.pdf,3-5-11.pdf,4-4-2.pdf,5-2-2.pdf,5-7-12.pdf
,2-6-2.pdf,3-5-15.pdf,4-4-5.pdf,5-2-4.pdf,5-7-13.pdf
,2-6-3.pdf,3-5-20.pdf,4-4-7.pdf,5-2-6.pdf,5-7-16.pdf
,2-6-5.pdf,3-5-22.pdf,4-5-12.pdf,5-3-10.pdf,5-7-2.pdf
,,3-5-23.pdf,4-5-14.pdf,5-3-12.pdf,5-7-3.pdf
,,3-5-3.pdf,4-5-2.pdf,5-3-15.pdf,5-7-5.pdf
,,3-5-6.pdf,4-5-3.pdf,5-3-16.pdf,5-7-8.pdf
,,3-5-8.pdf,4-5-6.pdf,5-3-18.pdf,5-7-9.pdf
,,3-6-11.pdf,4-5-9.pdf,5-3-19.pdf,5-8-10.pdf
,,3-6-2.pdf,4-6-2.pdf,5-3-2.pdf,5-8-12.pdf
,,3-6-4.pdf,4-7-2.pdf,5-3-3.pdf,5-8-16.pdf
,,3-6-7.pdf,4-7-5.pdf,5-3-5.pdf,5-8-2.pdf
,,3-6-9.pdf,4-7-6.pdf,5-3-7.pdf,5-8-4.pdf
,,3-7-10.pdf,4-7-8.pdf,5-4-10.pdf,5-8-5.pdf
,,3-7-15.pdf,4-8-2.pdf,5-4-11.pdf,5-8-7.pdf
,,3-7-2.pdf,4-8-4.pdf,5-4-14.pdf,5-8-8.pdf
,,3-7-4.pdf,4-8-5.pdf,5-4-2.pdf,5-9-13.pdf
,,3-7-5.pdf,4-9-1.pdf,5-4-3.pdf,5-9-16.pdf
,,3-7-8.pdf,4-9-4.pdf,5-4-6.pdf,5-9-2.pdf
,,3-8-11.pdf,4-9-9.pdf,5-4-8.pdf,5-9-3.pdf
,,3-8-2.pdf,,5-5-10.pdf,5-9-4.pdf
,,3-8-4.pdf,,5-5-13.pdf,5-9-5.pdf
,,3-8-6.pdf,,5-5-14.pdf,5-9-8.pdf
,,3-9-1.pdf,,5-5-16.pdf,5-9-9.pdf
,,3-9-3.pdf,,5-5-18.pdf,
,,3-9-6.pdf,,5-5-2.pdf,
